{
  "Author": "That one kid",
  "BossStatus": "FullBoss",
  "Compatibility": "Compatible",
  "DefuserDifficulty": "Easy",
  "Description": "Remember Simple but you use a number and the modules on the bomb. Tags: Not-Module, Boss, Button, Number, Solves",
  "ExpertDifficulty": "Easy",
  "Ignore": [
    "+SolvesAtEnd",
    "\"14\"",
    "\"Cruel Purgatory\"",
    "\"Forget Enigma\"",
    "\"Forget Everything\"",
    "\"Forget It Not\"",
    "\"Forget Infinity\"",
    "\"Forget Me Later\"",
    "\"Forget Me Not\"",
    "\"Forget Perspective\"",
    "\"Forget Them All\"",
    "\"Forget This\"",
    "\"Forget Us Not\"",
    "\"Organization\"",
    "\"Purgatory\"",
    "\"Simon's Stages\"",
    "\"Souvenir\"",
    "\"Tallordered Keys\"",
    "\"The Time Keeper\"",
    "\"Timing is Everything\"",
    "\"The Troll\"",
    "\"Turn The Key\"",
    "\"Übermodule\"",
    "\"Ültimate Custom Night\"",
    "\"The Very Annoying Button\"",
    "\"Remember Simple\"",
    "\"Remembern't Simple\"",
    "\""
  ],
  "ModuleID": "SimpleBossNot",
  "Name": "Remembern't Simple",
  "Origin": "Mods",
  "Published": "2022-02-17",
  "Quirks": "SolvesAtEnd, TimeDependent",
  "SortKey": "REMEMBERNTSIMPLE",
  "SourceUrl": "https://github.com/Kbushra/ktaneSimpleBossNot",
  "SteamID": "2756464145",
  "Symbol": "Rmnsp",
  "Type": "Regular"
}